song_name,song_id,revision_id,track_hash,video_id,video_points,audio_tab_filename
I_Walk_The_Line_1,306,807772,guitar_6CKXsT3V,BL6ZwaMX6l8,"[0, 1.26, 3.56, 6, 8.37, 10.64, 12.79, 15.11, 17.35, 19.67, 21.85, 23.05, 25.22, 27.46, 29.7, 32.01, 34.19, 36.46, 38.64, 41.07, 43.4, 45.69, 47.87, 50.13, 52.32, 54.65, 56.94, 59.15, 61.38, 63.66, 65.91, 68.18, 70.36, 72.66, 74.9, 77.14, 79.44, 81.68, 83.95, 86.13, 88.34, 90.55, 92.86, 95.14, 97.38, 99.59, 101.8, 104.1, 105.31, 107.5, 109.74, 111.94, 114.19, 116.39, 118.55, 120.92, 123.14, 125.41, 127.69, 129.89, 131.03, 133.31, 135.5, 137.78, 140.02, 142.22, 144.49, 146.79, 149.01, 151.26, 153.47, 155.74, 157.97, 160.2]",I_Walk_The_Line_1
I_Walk_The_Line_2,306,807772,guitar_HCSvS6xp,BL6ZwaMX6l8,"[0, 1.26, 3.56, 6, 8.37, 10.64, 12.79, 15.11, 17.35, 19.67, 21.85, 23.05, 25.22, 27.46, 29.7, 32.01, 34.19, 36.46, 38.64, 41.07, 43.4, 45.69, 47.87, 50.13, 52.32, 54.65, 56.94, 59.15, 61.38, 63.66, 65.91, 68.18, 70.36, 72.66, 74.9, 77.14, 79.44, 81.68, 83.95, 86.13, 88.34, 90.55, 92.86, 95.14, 97.38, 99.59, 101.8, 104.1, 105.31, 107.5, 109.74, 111.94, 114.19, 116.39, 118.55, 120.92, 123.14, 125.41, 127.69, 129.89, 131.03, 133.31, 135.5, 137.78, 140.02, 142.22, 144.49, 146.79, 149.01, 151.26, 153.47, 155.74, 157.97, 160.2]",I_Walk_The_Line_2
I_Walk_The_Line_5,306,807772,guitar_yRdkm7si,BL6ZwaMX6l8,"[0, 1.26, 3.56, 6, 8.37, 10.64, 12.79, 15.11, 17.35, 19.67, 21.85, 23.05, 25.22, 27.46, 29.7, 32.01, 34.19, 36.46, 38.64, 41.07, 43.4, 45.69, 47.87, 50.13, 52.32, 54.65, 56.94, 59.15, 61.38, 63.66, 65.91, 68.18, 70.36, 72.66, 74.9, 77.14, 79.44, 81.68, 83.95, 86.13, 88.34, 90.55, 92.86, 95.14, 97.38, 99.59, 101.8, 104.1, 105.31, 107.5, 109.74, 111.94, 114.19, 116.39, 118.55, 120.92, 123.14, 125.41, 127.69, 129.89, 131.03, 133.31, 135.5, 137.78, 140.02, 142.22, 144.49, 146.79, 149.01, 151.26, 153.47, 155.74, 157.97, 160.2]",I_Walk_The_Line_5
Figurine_Humaine_0,5420,8532,guitar_FEptmz4i,ziGWg0pZc_Y,"[6.984126984126984, 8.679183673469389, 10.44390022675737, 12.231836734693879, 13.950113378684808, 16.272108843537417, 18.176145124716555, 20.126621315192743, 21.93777777777778, 23.70249433106576, 25.397551020408162, 27.48734693877551, 29.298503401360545, 31.109659863945577, 32.87437641723356, 34.49977324263038, 36.19482993197279, 37.82022675736961, 39.445623582766444, 41.09424036281179, 42.62675736961451, 44.32181405895692, 45.9936507936508, 47.71192743764172, 49.4766439909297, 51.241360544217684, 53.00607709750567, 54.86367346938775, 56.953469387755106, 59.20580498866214, 61.10984126984127, 63.664036281179136, 66.1253514739229, 68.77242630385487, 70.90866213151928, 72.65015873015874, 74.3219954648526, 76.41179138321996, 79.15174603174603, 81.6130612244898, 84.07437641723357, 86.53569160997733, 88.95056689342404, 91.45832199546486, 93.82675736961451, 96.19519274376418, 98.19210884353741, 100.28190476190477, 102.0930612244898, 104.2292970521542, 106.13333333333334, 108.03736961451247, 110.17360544217688, 112.30984126984127, 114.67827664399093, 116.81451247165533, 119.04362811791384, 121.04054421768708, 123.17678004535148, 125.7774149659864, 128.099410430839, 130.6071655328798, 132.92916099773242, 134.67065759637188, 136.3657142857143, 138.6877097505669, 141.0097052154195, 142.93696145124716, 145.49115646258502, 147.7667120181406, 150.1815873015873, 152.64290249433108, 155.28997732426305, 157.3797732426304, 159.2373696145125, 161.00208616780046, 162.76680272108845, 164.53151927437642, 166.2962358276644, 168.0609523809524, 169.80244897959184, 171.5671655328798, 173.30866213151927, 175.11981859410432, 176.88453514739228, 178.64925170068028, 180.41396825396825, 182.1554648526077, 183.9201814058957, 185.66167800453516, 187.47283446712018, 189.46975056689342, 191.51310657596372, 193.27782312925171, 195.13541950113378, 197.13233560090703, 198.96671201814058, 200.82430839002268, 202.4497052154195, 204.19120181405896, 205.95591836734695, 207.81351473922902, 209.62467120181407, 211.38938775510204, 213.15410430839003, 215.33678004535147, 217.19437641723357, 219.23773242630386, 221.18820861678006, 222.8368253968254, 224.48544217687075, 226.1340589569161, 227.75945578231293, 229.4312925170068]",Figurine_Humaine_0
Figurine_Humaine_1,5420,8532,guitar_B3I4FB6O,ziGWg0pZc_Y,"[6.984126984126984, 8.679183673469389, 10.44390022675737, 12.231836734693879, 13.950113378684808, 16.272108843537417, 18.176145124716555, 20.126621315192743, 21.93777777777778, 23.70249433106576, 25.397551020408162, 27.48734693877551, 29.298503401360545, 31.109659863945577, 32.87437641723356, 34.49977324263038, 36.19482993197279, 37.82022675736961, 39.445623582766444, 41.09424036281179, 42.62675736961451, 44.32181405895692, 45.9936507936508, 47.71192743764172, 49.4766439909297, 51.241360544217684, 53.00607709750567, 54.86367346938775, 56.953469387755106, 59.20580498866214, 61.10984126984127, 63.664036281179136, 66.1253514739229, 68.77242630385487, 70.90866213151928, 72.65015873015874, 74.3219954648526, 76.41179138321996, 79.15174603174603, 81.6130612244898, 84.07437641723357, 86.53569160997733, 88.95056689342404, 91.45832199546486, 93.82675736961451, 96.19519274376418, 98.19210884353741, 100.28190476190477, 102.0930612244898, 104.2292970521542, 106.13333333333334, 108.03736961451247, 110.17360544217688, 112.30984126984127, 114.67827664399093, 116.81451247165533, 119.04362811791384, 121.04054421768708, 123.17678004535148, 125.7774149659864, 128.099410430839, 130.6071655328798, 132.92916099773242, 134.67065759637188, 136.3657142857143, 138.6877097505669, 141.0097052154195, 142.93696145124716, 145.49115646258502, 147.7667120181406, 150.1815873015873, 152.64290249433108, 155.28997732426305, 157.3797732426304, 159.2373696145125, 161.00208616780046, 162.76680272108845, 164.53151927437642, 166.2962358276644, 168.0609523809524, 169.80244897959184, 171.5671655328798, 173.30866213151927, 175.11981859410432, 176.88453514739228, 178.64925170068028, 180.41396825396825, 182.1554648526077, 183.9201814058957, 185.66167800453516, 187.47283446712018, 189.46975056689342, 191.51310657596372, 193.27782312925171, 195.13541950113378, 197.13233560090703, 198.96671201814058, 200.82430839002268, 202.4497052154195, 204.19120181405896, 205.95591836734695, 207.81351473922902, 209.62467120181407, 211.38938775510204, 213.15410430839003, 215.33678004535147, 217.19437641723357, 219.23773242630386, 221.18820861678006, 222.8368253968254, 224.48544217687075, 226.1340589569161, 227.75945578231293, 229.4312925170068]",Figurine_Humaine_1
Mr.NEWSMAN_0,6542,611279,guitar_eMgK2Z2D,PSd_Wzm_UvE,"[0.79, 1.93, 3.34, 4.55, 5.78, 6.92, 8.17, 9.57, 10.82, 11.94, 13.31, 14.56, 15.81, 17.07, 18.2, 19.53, 20.76, 22.04, 23.27, 24.52, 25.77, 26.94, 28.24, 29.58, 30.74, 31.9, 33.3, 34.53, 35.76, 36.99, 38.2, 39.43, 40.73, 41.94, 43.26, 44.58, 45.81, 47.04, 48.23, 49.44, 50.74, 52.08, 53.27, 54.43, 55.82, 57.1, 57.91, 59.23, 60.51, 61.72, 63, 64.25, 65.53, 66.78, 68.03, 69.27, 70.52, 71.75, 72.98, 74.26, 75.51, 76.77, 78.02, 79.3, 80.5, 81.78, 83.01, 84.27, 85.52, 86.77, 88.03, 89.28, 90.42, 91.77, 92.97, 94.27, 95.5, 96.71, 97.99, 99.24, 100.5, 101.75, 103, 104.28, 105.53, 106.77, 107.9, 109.27, 110.53, 111.76, 113.01, 114.27, 115.52, 116.75, 118, 119.26, 120.49, 121.77, 123.02, 124.27, 125.5, 126.78, 127.97, 129.27, 130.5, 131.77, 132.96, 134.23, 135.44, 136.7, 137.95, 139.27, 140.41, 141.78, 143.01, 144.27, 145.5, 146.68, 148, 149.19, 150.49, 151.74, 153, 154.13, 155.46, 156.76, 158.01, 159.29, 160.43, 161.77, 163.03, 164.26, 165.51, 166.74, 168.02, 169.27, 170.2, 171.43, 172.69, 173.94, 175.19, 176.45, 177.73, 178.93, 180.21, 181.44, 182.72, 183.95, 185.2, 186.43, 187.66, 188.92, 190.19, 191.45, 192.68, 193.91, 195.16, 196.46, 197.72, 198.95, 200.16, 201.46, 202.62, 203.8, 205.17, 206.45, 207.68, 208.91, 210.19, 211.46, 212.67, 213.9, 215.18, 216.46, 217.66, 218.94, 220.08, 221.45, 222.7, 223.89, 225.16, 226.44, 227.69, 228.95, 230.2]",Mr.NEWSMAN_0
Mr.NEWSMAN_1,6542,611279,guitar_7rEAXPM1,PSd_Wzm_UvE,"[0.79, 1.93, 3.34, 4.55, 5.78, 6.92, 8.17, 9.57, 10.82, 11.94, 13.31, 14.56, 15.81, 17.07, 18.2, 19.53, 20.76, 22.04, 23.27, 24.52, 25.77, 26.94, 28.24, 29.58, 30.74, 31.9, 33.3, 34.53, 35.76, 36.99, 38.2, 39.43, 40.73, 41.94, 43.26, 44.58, 45.81, 47.04, 48.23, 49.44, 50.74, 52.08, 53.27, 54.43, 55.82, 57.1, 57.91, 59.23, 60.51, 61.72, 63, 64.25, 65.53, 66.78, 68.03, 69.27, 70.52, 71.75, 72.98, 74.26, 75.51, 76.77, 78.02, 79.3, 80.5, 81.78, 83.01, 84.27, 85.52, 86.77, 88.03, 89.28, 90.42, 91.77, 92.97, 94.27, 95.5, 96.71, 97.99, 99.24, 100.5, 101.75, 103, 104.28, 105.53, 106.77, 107.9, 109.27, 110.53, 111.76, 113.01, 114.27, 115.52, 116.75, 118, 119.26, 120.49, 121.77, 123.02, 124.27, 125.5, 126.78, 127.97, 129.27, 130.5, 131.77, 132.96, 134.23, 135.44, 136.7, 137.95, 139.27, 140.41, 141.78, 143.01, 144.27, 145.5, 146.68, 148, 149.19, 150.49, 151.74, 153, 154.13, 155.46, 156.76, 158.01, 159.29, 160.43, 161.77, 163.03, 164.26, 165.51, 166.74, 168.02, 169.27, 170.2, 171.43, 172.69, 173.94, 175.19, 176.45, 177.73, 178.93, 180.21, 181.44, 182.72, 183.95, 185.2, 186.43, 187.66, 188.92, 190.19, 191.45, 192.68, 193.91, 195.16, 196.46, 197.72, 198.95, 200.16, 201.46, 202.62, 203.8, 205.17, 206.45, 207.68, 208.91, 210.19, 211.46, 212.67, 213.9, 215.18, 216.46, 217.66, 218.94, 220.08, 221.45, 222.7, 223.89, 225.16, 226.44, 227.69, 228.95, 230.2]",Mr.NEWSMAN_1
Prelude_(Electric_Guitar_Version)_1,2181,329421,guitar_loGWIRYy,Z9KmQQhIWhQ,"[0, 1.7647165532879818, 3.2043537414965986, 4.899410430839002, 6.896326530612245, 8.846802721088435, 10.820498866213152, 12.770975056689343, 14.930430839002268, 16.973786848072564, 19.040362811791383, 21.0140589569161, 22.871655328798187, 24.845351473922904, 26.842267573696144, 28.81596371882086, 30.95219954648526, 33.13487528344671, 35.131791383219955, 37.08226757369614, 39.14884353741497, 41.23863945578231, 43.21233560090703, 45.348571428571425, 47.322267573696145, 49.31918367346939, 51.2928798185941, 53.057596371882084, 54.427573696145124, 56.33160997732426, 58.142766439909295, 60.00036281179138, 61.95083900226757, 63.80843537414966, 65.66603174603175, 72.14439909297052, 74.74503401360545, 77.39210884353741, 79.80698412698413, 87.7946485260771]",Prelude_(Electric_Guitar_Version)_1
Prelude_(Electric_Guitar_Version)_2,2181,329421,guitar_AwuGh8lA,Z9KmQQhIWhQ,"[0, 1.7647165532879818, 3.2043537414965986, 4.899410430839002, 6.896326530612245, 8.846802721088435, 10.820498866213152, 12.770975056689343, 14.930430839002268, 16.973786848072564, 19.040362811791383, 21.0140589569161, 22.871655328798187, 24.845351473922904, 26.842267573696144, 28.81596371882086, 30.95219954648526, 33.13487528344671, 35.131791383219955, 37.08226757369614, 39.14884353741497, 41.23863945578231, 43.21233560090703, 45.348571428571425, 47.322267573696145, 49.31918367346939, 51.2928798185941, 53.057596371882084, 54.427573696145124, 56.33160997732426, 58.142766439909295, 60.00036281179138, 61.95083900226757, 63.80843537414966, 65.66603174603175, 72.14439909297052, 74.74503401360545, 77.39210884353741, 79.80698412698413, 87.7946485260771]",Prelude_(Electric_Guitar_Version)_2
The_Champion_0,9477,602166,guitar_JOpCb2h6,QgA_dq6SNqA,"[0, 2.35, 4.18, 6.06, 7.85, 9.73, 11.54, 13.4, 15.26, 17.18, 18.92, 20.69, 22.64, 24.47, 26.33, 28.19, 30, 31.88, 33.6, 35.57, 37.41, 39.26, 41.08, 42.96, 44.79, 46.63, 48.48, 50.32, 52.06, 54.01, 55.82, 57.7, 59.54, 61.42, 63.27, 65.02, 66.94, 68.78, 70.66, 72.45, 74.33, 76.18, 78.02, 79.88, 81.71, 83.57, 85.4, 87.14, 89.07, 90.95, 92.81, 94.62, 96.5, 98.34, 100.17, 102.01, 103.86, 105.7, 107.55, 109.39, 111.25, 113.1, 114.94, 116.8, 118.61, 120.49, 122.35, 124.11, 126.01, 127.85, 129.68, 131.56, 133.42, 135.26, 137.09, 138.92, 140.78, 142.64, 144.45, 146.33, 148.19, 150.05, 151.88, 153.69, 155.57, 157.41, 159.27, 160.96, 162.96, 164.79, 166.65, 168.48, 170.34, 172.18, 174.03, 175.87, 177.61, 179.56, 181.3, 183.25, 185.11, 186.97, 188.8, 190.64, 192.45, 194.21, 196.16, 198.02, 199.88, 201.71, 203.57, 205.4, 207.26, 208.98, 210.95, 212.81, 214.6, 216.5, 218.34, 220.17, 222.01, 223.86, 225.7, 227.56, 229.44, 231.25, 233.34, 234.94, 236.66, 238.63, 240.51, 242.35, 244.16, 245.9, 247.87, 249.73, 251.54, 253.31, 255.23, 257.11, 258.95, 260.71, 262.5, 264.5, 266.31, 268.07, 270.02, 271.86, 273.67, 275.55, 277.39, 279.36, 281.1, 282.94, 284.82, 286.74, 288.42, 290.32, 292.18, 294.03, 295.82]",The_Champion_0
The_Champion_1,9477,602166,guitar_W7ClCSnt,QgA_dq6SNqA,"[0, 2.35, 4.18, 6.06, 7.85, 9.73, 11.54, 13.4, 15.26, 17.18, 18.92, 20.69, 22.64, 24.47, 26.33, 28.19, 30, 31.88, 33.6, 35.57, 37.41, 39.26, 41.08, 42.96, 44.79, 46.63, 48.48, 50.32, 52.06, 54.01, 55.82, 57.7, 59.54, 61.42, 63.27, 65.02, 66.94, 68.78, 70.66, 72.45, 74.33, 76.18, 78.02, 79.88, 81.71, 83.57, 85.4, 87.14, 89.07, 90.95, 92.81, 94.62, 96.5, 98.34, 100.17, 102.01, 103.86, 105.7, 107.55, 109.39, 111.25, 113.1, 114.94, 116.8, 118.61, 120.49, 122.35, 124.11, 126.01, 127.85, 129.68, 131.56, 133.42, 135.26, 137.09, 138.92, 140.78, 142.64, 144.45, 146.33, 148.19, 150.05, 151.88, 153.69, 155.57, 157.41, 159.27, 160.96, 162.96, 164.79, 166.65, 168.48, 170.34, 172.18, 174.03, 175.87, 177.61, 179.56, 181.3, 183.25, 185.11, 186.97, 188.8, 190.64, 192.45, 194.21, 196.16, 198.02, 199.88, 201.71, 203.57, 205.4, 207.26, 208.98, 210.95, 212.81, 214.6, 216.5, 218.34, 220.17, 222.01, 223.86, 225.7, 227.56, 229.44, 231.25, 233.34, 234.94, 236.66, 238.63, 240.51, 242.35, 244.16, 245.9, 247.87, 249.73, 251.54, 253.31, 255.23, 257.11, 258.95, 260.71, 262.5, 264.5, 266.31, 268.07, 270.02, 271.86, 273.67, 275.55, 277.39, 279.36, 281.1, 282.94, 284.82, 286.74, 288.42, 290.32, 292.18, 294.03, 295.82]",The_Champion_1
Kiss_The_Dawn_0,8616,27075,guitar_iWFJ1szl,PJgcMSJQ0ps,"[0.9977324263038548, 5.339863945578231, 8.54421768707483, 11.771791383219956, 14.999365079365079, 18.226938775510206, 21.408072562358278, 24.635646258503403, 27.886439909297053, 31.067573696145125, 34.3415873015873, 37.522721088435375, 40.81995464852608, 44.00108843537415, 47.22866213151927, 50.433015873015876, 53.70702947845805, 56.91138321995465, 60.18539682539683, 63.34331065759637, 66.61732426303855, 69.82167800453514, 73.0724716553288, 76.2768253968254, 79.55083900226758, 82.70875283446712, 86.00598639455782, 89.1871201814059, 92.41469387755102, 95.64226757369615, 98.8930612244898, 102.07419501133786, 105.34820861678004, 108.57578231292517, 111.78013605442177, 114.98448979591836, 118.25850340136054, 121.25387755102041, 124.50467120181406, 127.61614512471655, 130.70439909297053, 134.02485260770976, 137.22920634920635, 140.31746031746033, 143.47537414965987, 146.56362811791382, 149.7215419501134, 152.97233560090703, 156.17668934240362, 159.03274376417232, 162.1906575963719, 165.27891156462584, 168.46004535147392, 171.5482993197279, 174.70621315192744, 177.74802721088435, 180.6273015873016, 183.6691156462585, 187.01278911564626, 190.31002267573697, 193.44471655328798, 196.46331065759637, 199.76054421768708, 202.77913832199548, 205.84417233560092, 209.02530612244897, 212.09034013605444, 215.22503401360544, 218.35972789115647, 221.6105215419501, 224.90775510204082, 228.22820861678005, 231.5718820861678, 234.91555555555556, 238.25922902494332, 241.556462585034, 244.80725623582765, 247.38467120181406, 250.72834467120182, 254.0255782312925, 257.09061224489795, 260.3181859410431, 263.5225396825397, 266.75011337868483, 269.9544671201814, 273.158820861678, 276.3399546485261, 279.61396825396827, 282.7718820861678, 286.02267573696145, 289.22702947845806, 292.4778231292517, 295.7518367346939, 299.02585034013606, 301.92834467120184, 305.2720181405896, 308.7085714285714]",Kiss_The_Dawn_0
Kiss_The_Dawn_3,8616,27075,guitar_PplIQAKN,PJgcMSJQ0ps,"[0.9977324263038548, 5.339863945578231, 8.54421768707483, 11.771791383219956, 14.999365079365079, 18.226938775510206, 21.408072562358278, 24.635646258503403, 27.886439909297053, 31.067573696145125, 34.3415873015873, 37.522721088435375, 40.81995464852608, 44.00108843537415, 47.22866213151927, 50.433015873015876, 53.70702947845805, 56.91138321995465, 60.18539682539683, 63.34331065759637, 66.61732426303855, 69.82167800453514, 73.0724716553288, 76.2768253968254, 79.55083900226758, 82.70875283446712, 86.00598639455782, 89.1871201814059, 92.41469387755102, 95.64226757369615, 98.8930612244898, 102.07419501133786, 105.34820861678004, 108.57578231292517, 111.78013605442177, 114.98448979591836, 118.25850340136054, 121.25387755102041, 124.50467120181406, 127.61614512471655, 130.70439909297053, 134.02485260770976, 137.22920634920635, 140.31746031746033, 143.47537414965987, 146.56362811791382, 149.7215419501134, 152.97233560090703, 156.17668934240362, 159.03274376417232, 162.1906575963719, 165.27891156462584, 168.46004535147392, 171.5482993197279, 174.70621315192744, 177.74802721088435, 180.6273015873016, 183.6691156462585, 187.01278911564626, 190.31002267573697, 193.44471655328798, 196.46331065759637, 199.76054421768708, 202.77913832199548, 205.84417233560092, 209.02530612244897, 212.09034013605444, 215.22503401360544, 218.35972789115647, 221.6105215419501, 224.90775510204082, 228.22820861678005, 231.5718820861678, 234.91555555555556, 238.25922902494332, 241.556462585034, 244.80725623582765, 247.38467120181406, 250.72834467120182, 254.0255782312925, 257.09061224489795, 260.3181859410431, 263.5225396825397, 266.75011337868483, 269.9544671201814, 273.158820861678, 276.3399546485261, 279.61396825396827, 282.7718820861678, 286.02267573696145, 289.22702947845806, 292.4778231292517, 295.7518367346939, 299.02585034013606, 301.92834467120184, 305.2720181405896, 308.7085714285714]",Kiss_The_Dawn_3
Open_Your_Eyes_0,9494,910171,guitar_cxDpyYmf,axKpy09Sdao,"[5.9, 8.03, 10.01, 12.33, 14.4, 16.63, 18.34, 20.92, 22.96, 25.24, 27.1, 29.54, 31.7, 33.76, 36.01, 38.17, 40.31, 42.45, 44.61, 46.76, 48.76, 50.92, 53.22, 55.24, 57.52, 59.65, 61.81, 63.99, 66.15, 68.29, 70.45, 72.61, 74.75, 76.9, 79.04, 81.22, 83.36, 85.52, 87.72, 89.81, 91.97, 94.11, 96.27, 98.45, 100.59, 102.75, 104.91, 107.07, 109.18, 111.34, 113.55, 115.68, 117.79, 119.95, 122.09, 124.27, 126.41, 128.57, 130.77, 132.82, 135.05, 136.65, 139.37, 141.5, 143.64, 145.8, 147.93, 150.09, 152.25, 154.39, 156.55, 158.71, 160.84, 163, 165.14, 167.35, 169.51, 171.67, 173.78, 175.94, 178.1, 180.26, 182.37]",Open_Your_Eyes_0
Open_Your_Eyes_1,9494,910171,guitar_1piipGBW,axKpy09Sdao,"[5.9, 8.03, 10.01, 12.33, 14.4, 16.63, 18.34, 20.92, 22.96, 25.24, 27.1, 29.54, 31.7, 33.76, 36.01, 38.17, 40.31, 42.45, 44.61, 46.76, 48.76, 50.92, 53.22, 55.24, 57.52, 59.65, 61.81, 63.99, 66.15, 68.29, 70.45, 72.61, 74.75, 76.9, 79.04, 81.22, 83.36, 85.52, 87.72, 89.81, 91.97, 94.11, 96.27, 98.45, 100.59, 102.75, 104.91, 107.07, 109.18, 111.34, 113.55, 115.68, 117.79, 119.95, 122.09, 124.27, 126.41, 128.57, 130.77, 132.82, 135.05, 136.65, 139.37, 141.5, 143.64, 145.8, 147.93, 150.09, 152.25, 154.39, 156.55, 158.71, 160.84, 163, 165.14, 167.35, 169.51, 171.67, 173.78, 175.94, 178.1, 180.26, 182.37]",Open_Your_Eyes_1
Midnight_0,1103,3554,guitar_qn81Icrf,4jkoEdLJGf8,"[0, 1.9736961451247166, 3.9706122448979593, 5.9675283446712015, 7.964444444444444, 9.961360544217687, 11.563537414965987, 13.514013605442177, 15.09297052154195, 17.11310657596372, 19.11002267573696, 21.106938775510205, 23.1502947845805, 25.14721088435374, 27.144126984126984, 29.141043083900225, 31.277278911564625, 33.274195011337866, 35.59619047619048, 38.196825396825396, 40.333061224489796, 42.67827664399093, 45.00027210884354, 47.13650793650794, 49.64426303854875, 51.641179138321995, 53.63809523809524, 55.635011337868484, 57.63192743764172, 59.628843537414966, 61.62575963718821, 63.669115646258504, 65.75891156462585, 67.75582766439909, 69.75274376417234, 71.74965986394558, 74.02521541950114, 76.02213151927438, 78.01904761904763, 80.01596371882086, 82.03609977324263, 84.03301587301587, 86.02993197278911, 88.02684807256236, 90.07020408163265, 92.11356009070295, 94.15691609977324, 96.15383219954649, 98.15074829931973, 100.37986394557824, 102.51609977324263, 104.60589569160997, 106.69569160997733, 108.69260770975056, 110.6895238095238, 112.68643990929705, 114.6833560090703, 116.68027210884354, 118.67718820861678, 120.67410430839003, 122.67102040816326, 124.71437641723357, 126.7112925170068, 128.70820861678004, 130.70512471655329, 132.70204081632653, 134.69895691609977, 136.69587301587302, 138.7392290249433, 140.7825850340136, 142.77950113378685, 144.7764172335601, 147.0984126984127, 149.14176870748298, 151.23156462585035, 153.22848072562357, 155.2253968253968, 157.36163265306124, 159.40498866213153, 161.44834467120182, 163.42204081632653, 165.4421768707483, 167.43909297052153, 169.04126984126984, 170.3415873015873, 172.05986394557823, 174.05678004535147, 176.05369614512472, 177.6326530612245, 179.11873015873016, 181.1156462585034, 183.1590022675737, 185.1094784580499, 186.6419954648526, 188.42993197278912, 190.42684807256236, 192.3308843537415, 194.00272108843538, 195.51201814058956, 197.43927437641725, 199.41297052154195, 201.3170068027211, 203.0120634920635, 204.9857596371882, 206.98267573696145, 208.9795918367347, 211.022947845805, 213.01986394557824, 215.01678004535148, 216.9904761904762, 218.94095238095238, 220.93786848072563, 222.93478458049887, 224.97814058956916, 226.9750566893424, 228.97197278911565, 230.9688888888889, 232.96580498866214, 234.9627210884354, 236.9596371882086, 238.95655328798185, 240.9534693877551, 242.95038548752834, 244.94730158730158, 246.94421768707483, 248.94113378684807, 250.93804988662131]",Midnight_0
Midnight_1,1103,3554,guitar_BHjBwmFK,4jkoEdLJGf8,"[0, 1.9736961451247166, 3.9706122448979593, 5.9675283446712015, 7.964444444444444, 9.961360544217687, 11.563537414965987, 13.514013605442177, 15.09297052154195, 17.11310657596372, 19.11002267573696, 21.106938775510205, 23.1502947845805, 25.14721088435374, 27.144126984126984, 29.141043083900225, 31.277278911564625, 33.274195011337866, 35.59619047619048, 38.196825396825396, 40.333061224489796, 42.67827664399093, 45.00027210884354, 47.13650793650794, 49.64426303854875, 51.641179138321995, 53.63809523809524, 55.635011337868484, 57.63192743764172, 59.628843537414966, 61.62575963718821, 63.669115646258504, 65.75891156462585, 67.75582766439909, 69.75274376417234, 71.74965986394558, 74.02521541950114, 76.02213151927438, 78.01904761904763, 80.01596371882086, 82.03609977324263, 84.03301587301587, 86.02993197278911, 88.02684807256236, 90.07020408163265, 92.11356009070295, 94.15691609977324, 96.15383219954649, 98.15074829931973, 100.37986394557824, 102.51609977324263, 104.60589569160997, 106.69569160997733, 108.69260770975056, 110.6895238095238, 112.68643990929705, 114.6833560090703, 116.68027210884354, 118.67718820861678, 120.67410430839003, 122.67102040816326, 124.71437641723357, 126.7112925170068, 128.70820861678004, 130.70512471655329, 132.70204081632653, 134.69895691609977, 136.69587301587302, 138.7392290249433, 140.7825850340136, 142.77950113378685, 144.7764172335601, 147.0984126984127, 149.14176870748298, 151.23156462585035, 153.22848072562357, 155.2253968253968, 157.36163265306124, 159.40498866213153, 161.44834467120182, 163.42204081632653, 165.4421768707483, 167.43909297052153, 169.04126984126984, 170.3415873015873, 172.05986394557823, 174.05678004535147, 176.05369614512472, 177.6326530612245, 179.11873015873016, 181.1156462585034, 183.1590022675737, 185.1094784580499, 186.6419954648526, 188.42993197278912, 190.42684807256236, 192.3308843537415, 194.00272108843538, 195.51201814058956, 197.43927437641725, 199.41297052154195, 201.3170068027211, 203.0120634920635, 204.9857596371882, 206.98267573696145, 208.9795918367347, 211.022947845805, 213.01986394557824, 215.01678004535148, 216.9904761904762, 218.94095238095238, 220.93786848072563, 222.93478458049887, 224.97814058956916, 226.9750566893424, 228.97197278911565, 230.9688888888889, 232.96580498866214, 234.9627210884354, 236.9596371882086, 238.95655328798185, 240.9534693877551, 242.95038548752834, 244.94730158730158, 246.94421768707483, 248.94113378684807, 250.93804988662131]",Midnight_1
In_The_Middle_Of_A_Heartbeat_0,9370,352752,guitar_YucznnkM,xbVKYy8O_U8,"[0.9977324263038548, 3.969886621315193, 7.243900226757369, 10.657233560090704, 14.093786848072563, 17.48390022675737, 20.990113378684807, 24.496326530612244, 27.932879818594106, 31.439092970521543, 34.85242630385488, 38.288979591836735, 41.74875283446712, 45.20852607709751, 48.73795918367347, 52.19773242630386, 55.77360544217687, 59.34947845804989, 62.90213151927438, 66.38512471655329, 69.9609977324263, 73.49043083900227, 77.06630385487529, 80.57251700680273, 84.07873015873015, 87.63138321995464, 91.18403628117913, 94.73668934240362, 98.28934240362811, 101.8419954648526, 105.34820861678004, 108.83120181405896, 112.36063492063492, 115.84362811791384, 119.34984126984126, 122.8560544217687, 126.4087074829932, 129.91492063492063, 133.42113378684806, 136.9970068027211, 140.52643990929704, 144.0326530612245, 147.5156462585034, 151.09151927437642, 154.66739229024944, 158.24326530612245, 161.77269841269842, 165.34857142857143, 168.92444444444445, 172.50031746031746, 175.7511111111111, 179.23410430839002, 182.74031746031747, 186.1768707482993, 189.65986394557822, 193.14285714285714, 196.6722902494331, 200.15528344671202, 203.68471655328798, 207.1909297052154, 210.62748299319728, 214.15691609977324, 217.61668934240362, 221.2390022675737, 224.7219954648526, 228.22820861678005, 231.85052154195012, 235.44961451247167, 238.9558276643991, 242.48526077097506, 246.06113378684807, 250.12462585034012, 254.443537414966, 257.9729705215419, 262.89560090702946]",In_The_Middle_Of_A_Heartbeat_0
In_The_Middle_Of_A_Heartbeat_1,9370,352752,guitar_92gSan9B,xbVKYy8O_U8,"[0.9977324263038548, 3.969886621315193, 7.243900226757369, 10.657233560090704, 14.093786848072563, 17.48390022675737, 20.990113378684807, 24.496326530612244, 27.932879818594106, 31.439092970521543, 34.85242630385488, 38.288979591836735, 41.74875283446712, 45.20852607709751, 48.73795918367347, 52.19773242630386, 55.77360544217687, 59.34947845804989, 62.90213151927438, 66.38512471655329, 69.9609977324263, 73.49043083900227, 77.06630385487529, 80.57251700680273, 84.07873015873015, 87.63138321995464, 91.18403628117913, 94.73668934240362, 98.28934240362811, 101.8419954648526, 105.34820861678004, 108.83120181405896, 112.36063492063492, 115.84362811791384, 119.34984126984126, 122.8560544217687, 126.4087074829932, 129.91492063492063, 133.42113378684806, 136.9970068027211, 140.52643990929704, 144.0326530612245, 147.5156462585034, 151.09151927437642, 154.66739229024944, 158.24326530612245, 161.77269841269842, 165.34857142857143, 168.92444444444445, 172.50031746031746, 175.7511111111111, 179.23410430839002, 182.74031746031747, 186.1768707482993, 189.65986394557822, 193.14285714285714, 196.6722902494331, 200.15528344671202, 203.68471655328798, 207.1909297052154, 210.62748299319728, 214.15691609977324, 217.61668934240362, 221.2390022675737, 224.7219954648526, 228.22820861678005, 231.85052154195012, 235.44961451247167, 238.9558276643991, 242.48526077097506, 246.06113378684807, 250.12462585034012, 254.443537414966, 257.9729705215419, 262.89560090702946]",In_The_Middle_Of_A_Heartbeat_1
